<retConsCad versao="2.00" xmlns="http://www.portalfiscal.inf.br/nfe"><infCons><verAplic>PR-v4_8_45</verAplic><cStat>111</cStat><xMotivo>Consulta cadastro com uma ocorrencia</xMotivo><UF>PR</UF><CNPJ>29062609000177</CNPJ><dhCons>2024-05-06T10:34:19.099-03:00</dhCons><cUF>41</cUF><infCad><IE>9098793965</IE><CNPJ>29062609000177</CNPJ><UF>PR</UF><cSit>1</cSit><indCredNFe>4</indCredNFe><indCredCTe>4</indCredCTe><xNome>TECNOSPEED NEGOCIOS LTDA</xNome><xRegApur>Normal - Normal</xRegApur><CNAE>4930202</CNAE><dIniAtiv>2023-02-01-03:00</dIniAtiv><dUltSit>2023-08-11-03:00</dUltSit><ender><xLgr>AV CARNEIRO LEAO</xLgr><nro>294</nro><xCpl>SL 502 ANX B BOX 022</xCpl><xBairro>ZONA ARMAZEM</xBairro><cMun>4115200</cMun><xMun>MARINGA</xMun><CEP>87014010</CEP></ender></infCad></infCons></retConsCad>
