<retNFCom xmlns="http://www.portalfiscal.inf.br/nfcom" versao="1.00"><tpAmb>2</tpAmb><cUF>42</cUF><verAplic>RS20230912133943</verAplic><cStat>100</cStat><xMotivo>Autorizado o uso da NFCom </xMotivo><protNFCom versao="1.00" xmlns="http://www.portalfiscal.inf.br/nfcom"><infProt Id="NFCom3422400000044485"><tpAmb>2</tpAmb><verAplic>RS20240624105658</verAplic><chNFCom>42240618590252000183620010000000011012345678</chNFCom><dhRecbto>2024-06-24T16:50:50-03:00</dhRecbto><nProt>3422400000044485</nProt><digVal>Sd7rlQeYG5ovJd/zuB6Rma6Nb6o=</digVal><cStat>100</cStat><xMotivo>Autorizado o uso da NFCom </xMotivo></infProt></protNFCom></retNFCom>
