<?xml version="1.0" encoding="utf-8"?><soap:Envelope xmlns:soap="http://www.w3.org/2003/05/soap-envelope" xmlns:xsi="http://www.w3.org/2001/XMLSchema-instance" xmlns:xsd="http://www.w3.org/2001/XMLSchema"><soap:Body><soap:Fault><soap:Code><soap:Value>soap:Sender</soap:Value></soap:Code><soap:Reason><soap:Text xml:lang="en">Server was unable to read request. ---&gt; There is an error in XML document (1, 328). ---&gt; The specified node cannot be inserted as the valid child of this node, because the specified node is the wrong type.</soap:Text></soap:Reason><soap:Detail /></soap:Fault></soap:Body></soap:Envelope>
