<retNFCom xmlns="http://www.portalfiscal.inf.br/nfcom" versao="1.00"><tpAmb>2</tpAmb><cUF>42</cUF><verAplic>RS20230912133943</verAplic><cStat>100</cStat><xMotivo>Autorizado o uso da NFCom </xMotivo><protNFCom versao="1.00" xmlns="http://www.portalfiscal.inf.br/nfcom"><infProt Id="NFCom3422400000044497"><tpAmb>2</tpAmb><verAplic>RS20240624105658</verAplic><chNFCom>42240618590252000183620010000000021012345675</chNFCom><dhRecbto>2024-06-25T11:28:21-03:00</dhRecbto><nProt>3422400000044497</nProt><digVal>sQsSD87kI5jh/Sh3o4uv8yLLki8=</digVal><cStat>100</cStat><xMotivo>Autorizado o uso da NFCom </xMotivo></infProt></protNFCom></retNFCom>
